<?xml version="1.0" encoding="utf-8"?>
<ModMetaData>
	<name>Rejuvenate surgery</name>
	<author>Ethereal</author>
	<targetVersion>0.19.2009</targetVersion>
	<description>Adds the Rejuvenate surgery, a way to reduce your colonists biological age.
For players that want to take their time and create the perfect colony. 
Also eases matchmaking since if age difference > 10 years colonists are much less likely to become lovers.
This advanced procedure can only be performed by a Skilled Professional (10) and requires two glitterworld Medicines.
On success, this procedure makes the pawn 10% younger.
On failure, the pawn will instantly grow 20% older!</description>
</ModMetaData>
